名称,大类,中类,经度,纬度,省份,城市,区域
智造未来主题馆,购物消费,百货商场,114.15006,30.3932,湖北省,武汉市,蔡甸区
世茂·天街,购物消费,百货商场,114.317519,30.449027,湖北省,武汉市,洪山区
跨境购品源生活广场,购物消费,百货商场,114.48662,30.434338,湖北省,武汉市,江夏区
天立枭鹏广场,购物消费,百货商场,114.43088,30.585823,湖北省,武汉市,洪山区
百尚购物广场,购物消费,百货商场,114.408312,30.719991,湖北省,武汉市,黄陂区
阳光购物广场,购物消费,百货商场,114.618225,30.788747,湖北省,武汉市,新洲区
华一兄弟时尚生活馆,购物消费,百货商场,114.278172,30.781896,湖北省,武汉市,黄陂区
罗汉商业广场,购物消费,百货商场,114.306617,30.954337,湖北省,武汉市,黄陂区
PHOENIX MALL,购物消费,百货商场,114.064581,30.335744,湖北省,武汉市,汉南区
绿地城欧镇OUTLETS,购物消费,百货商场,114.063444,30.335607,湖北省,武汉市,汉南区
江夏永旺·美联商业综合体,购物消费,百货商场,114.31639,30.396168,湖北省,武汉市,江夏区
罗马春天OUTLETS,购物消费,百货商场,114.370172,30.386551,湖北省,武汉市,江夏区
罗马春天潮流广场,购物消费,百货商场,114.370246,30.385628,湖北省,武汉市,江夏区
柒号广场,购物消费,百货商场,114.317911,30.409725,湖北省,武汉市,江夏区
供销商业广场,购物消费,百货商场,114.45416,30.440116,湖北省,武汉市,江夏区
Mountain Bike,购物消费,百货商场,114.491277,30.466731,湖北省,武汉市,洪山区
左岭商城,购物消费,百货商场,114.621418,30.489808,湖北省,武汉市,洪山区
福星惠誉福莱中心,购物消费,百货商场,114.320428,30.567371,湖北省,武汉市,武昌区
WPT·SHOW,购物消费,百货商场,114.395212,30.709141,湖北省,武汉市,黄陂区
华商平价广场,购物消费,百货商场,114.602987,30.832941,湖北省,武汉市,新洲区
仓埠商业广场,购物消费,百货商场,114.603711,30.834246,湖北省,武汉市,新洲区
德成·汉南广场,购物消费,百货商场,114.071837,30.306907,湖北省,武汉市,汉南区
永安华贸商业广场,购物消费,百货商场,113.937598,30.457152,湖北省,武汉市,蔡甸区
经发进口商品交易中心,购物消费,百货商场,114.151886,30.476319,湖北省,武汉市,蔡甸区
全能通生活广场,购物消费,百货商场,114.176787,30.673329000000003,湖北省,武汉市,东西湖区
红星美凯龙红霞商业广场,购物消费,百货商场,114.262311,30.414959,湖北省,武汉市,洪山区
齐乐城时尚广场,购物消费,百货商场,114.331707,30.358785,湖北省,武汉市,江夏区
生活广场,购物消费,百货商场,114.371702,30.41043,湖北省,武汉市,江夏区
金橙里,购物消费,百货商场,114.436737,30.447307,湖北省,武汉市,江夏区
金融港广场,购物消费,百货商场,114.429539,30.45424,湖北省,武汉市,江夏区
铁建商城华中店,购物消费,百货商场,114.391698,30.447011,湖北省,武汉市,江夏区
购物生态公园,购物消费,百货商场,114.409342,30.459176,湖北省,武汉市,江夏区
红枫维龙广场,购物消费,百货商场,114.409597,30.484701,湖北省,武汉市,洪山区
东澜岸广场,购物消费,百货商场,114.263858,30.43315,湖北省,武汉市,洪山区
金色城市,购物消费,百货商场,114.26213,30.483378,湖北省,武汉市,洪山区
星空微尘数字商城,购物消费,百货商场,114.452293,30.419232,湖北省,武汉市,江夏区
嘉园·印象里广场,购物消费,百货商场,114.445498,30.50021,湖北省,武汉市,洪山区
嘉园印象里,购物消费,百货商场,114.445982,30.4999,湖北省,武汉市,洪山区
丽红购物中心,购物消费,百货商场,114.485436,30.606938,湖北省,武汉市,青山区
丽红超级市场,购物消费,百货商场,114.486306,30.607374,湖北省,武汉市,青山区
季佳荟,购物消费,百货商场,114.303406,30.503449,湖北省,武汉市,洪山区
义乌商贸城,购物消费,百货商场,114.307927,30.521559,湖北省,武汉市,武昌区
唔哈生活,购物消费,百货商场,114.20467,30.532984,湖北省,武汉市,汉阳区
季佳·里美好广场,购物消费,百货商场,114.247918,30.538798,湖北省,武汉市,汉阳区
季佳·里汉桥小镇,购物消费,百货商场,114.228034,30.548576,湖北省,武汉市,汉阳区
武商量贩,购物消费,百货商场,114.232935,30.551304,湖北省,武汉市,汉阳区
狮城汇,购物消费,百货商场,114.349564,30.50821,湖北省,武汉市,洪山区
狮城名居生活广场,购物消费,百货商场,114.349611,30.509347,湖北省,武汉市,洪山区
欢乐汇,购物消费,百货商场,114.339765,30.506187,湖北省,武汉市,洪山区
长江崇文广场,购物消费,百货商场,114.342412,30.510195000000003,湖北省,武汉市,洪山区
永丰广场A座,购物消费,百货商场,114.415037,30.516082,湖北省,武汉市,洪山区
华中科技大学万品汇广场,购物消费,百货商场,114.416014,30.516332,湖北省,武汉市,洪山区
东方里,购物消费,百货商场,114.383466,30.590115,湖北省,武汉市,洪山区
匠心汇,购物消费,百货商场,114.381639,30.590416,湖北省,武汉市,洪山区
保利悦荟,购物消费,百货商场,114.359694,30.595321,湖北省,武汉市,洪山区
和平大世界8-14城,购物消费,百货商场,114.355756,30.612185,湖北省,武汉市,武昌区
和平大世界8-8城,购物消费,百货商场,114.354945,30.611539,湖北省,武汉市,武昌区
和平大世界8-17城,购物消费,百货商场,114.353036,30.611317,湖北省,武汉市,武昌区
和平大世界8-11城,购物消费,百货商场,114.353521,30.610547,湖北省,武汉市,武昌区
和平大世界8-16城,购物消费,百货商场,114.354719,30.612147,湖北省,武汉市,武昌区
和平大世界8-12城,购物消费,百货商场,114.354561,30.612247,湖北省,武汉市,武昌区
磨山新天地3期,购物消费,百货商场,114.196617,30.565344,湖北省,武汉市,汉阳区
百泰·邻里汇,购物消费,百货商场,114.214219,30.586553,湖北省,武汉市,硚口区
酷坊,购物消费,百货商场,114.308094,30.558076,湖北省,武汉市,武昌区
银杏荟,购物消费,百货商场,114.308241,30.565733,湖北省,武汉市,武昌区
金叶阳光,购物消费,百货商场,114.262674,30.592864,湖北省,武汉市,江汉区
101FASHION FACTORY ART STORE,购物消费,百货商场,114.282052,30.594078,湖北省,武汉市,江岸区
武汉天地壹方北馆,购物消费,百货商场,114.314236,30.615997,湖北省,武汉市,江岸区
瑞达广场,购物消费,百货商场,114.270558,30.613689,湖北省,武汉市,江汉区
长江城一号店,购物消费,百货商场,114.211359,30.599028,湖北省,武汉市,硚口区
乐佳购物中心,购物消费,百货商场,114.216917,30.601021,湖北省,武汉市,硚口区
盛惠·中原里,购物消费,百货商场,114.208265,30.607328000000003,湖北省,武汉市,硚口区
金盛金银湖广场,购物消费,百货商场,114.202398,30.63215,湖北省,武汉市,东西湖区
金银潭广场,购物消费,百货商场,114.243137,30.650074,湖北省,武汉市,东西湖区
Jin Yin Tan Plaza,购物消费,百货商场,114.242978,30.649795,湖北省,武汉市,东西湖区
汇悦天地,购物消费,百货商场,114.292187,30.652,湖北省,武汉市,江岸区
凯信后湖生活广场,购物消费,百货商场,114.294818,30.654209,湖北省,武汉市,江岸区
庭悦荟,购物消费,百货商场,114.224934,30.657879,湖北省,武汉市,东西湖区
ATT时尚广场,购物消费,百货商场,114.400069,30.637938,湖北省,武汉市,青山区
新生活摩尔城,购物消费,百货商场,114.322643,30.65574,湖北省,武汉市,江岸区
季佳·里新荣招商部,购物消费,百货商场,114.327236,30.656372,湖北省,武汉市,江岸区
台北商业广场,购物消费,百货商场,114.340748,30.658944,湖北省,武汉市,江岸区
汉鑫广场,购物消费,百货商场,114.332132,30.711272,湖北省,武汉市,黄陂区
广地冷链国际冻品交易中心,购物消费,百货商场,114.430477,30.711162,湖北省,武汉市,黄陂区
丽桦·生活坊,购物消费,百货商场,114.387278,30.720229,湖北省,武汉市,黄陂区
汉口北中环商贸新城,购物消费,百货商场,114.313493,30.700384,湖北省,武汉市,黄陂区
德成生活中心,购物消费,百货商场,114.28854,30.701504,湖北省,武汉市,黄陂区
德成广场,购物消费,百货商场,114.289813,30.701644,湖北省,武汉市,黄陂区
裕美佳,购物消费,百货商场,114.260789,30.709558,湖北省,武汉市,黄陂区
名流城市广场,购物消费,百货商场,114.274469,30.70925,湖北省,武汉市,黄陂区
KAVON百联奥莱,购物消费,百货商场,114.258571,30.732685,湖北省,武汉市,黄陂区
中国电信营业厅,购物消费,百货商场,114.255048,30.730174,湖北省,武汉市,黄陂区
百联OUTLETS广场-D区9号,购物消费,百货商场,114.255283,30.73163,湖北省,武汉市,黄陂区
新崇光时尚广场,购物消费,百货商场,114.292108,30.798465,湖北省,武汉市,黄陂区
六和商业广场,购物消费,百货商场,114.377605,30.867829,湖北省,武汉市,黄陂区
南德国际城商业,购物消费,百货商场,114.378307,30.884755,湖北省,武汉市,黄陂区
中百仓储,购物消费,百货商场,114.372721,30.881359,湖北省,武汉市,黄陂区
黄陂购物中心,购物消费,百货商场,114.371701,30.881028,湖北省,武汉市,黄陂区
幸福时代百货广场,购物消费,百货商场,114.799916,30.826951,湖北省,武汉市,新洲区
幸福时代购物中心,购物消费,百货商场,114.798298,30.826224,湖北省,武汉市,新洲区
湖北武汉幸福时代百货广场店,购物消费,百货商场,114.79981,30.826268,湖北省,武汉市,新洲区
金凯购物广场,购物消费,百货商场,114.162045,30.496724,湖北省,武汉市,蔡甸区
Livat,购物消费,百货商场,114.168092,30.616165,湖北省,武汉市,硚口区
铁甲商城,购物消费,百货商场,114.17332,30.612505,湖北省,武汉市,硚口区
鸿达乐活城,购物消费,百货商场,114.138494,30.618969,湖北省,武汉市,东西湖区
鸿达中央广场,购物消费,百货商场,114.138856,30.618463,湖北省,武汉市,东西湖区
团结八方电商城,购物消费,百货商场,114.108864,30.607629,湖北省,武汉市,东西湖区
武汉自贸城4栋,购物消费,百货商场,114.051771,30.627863,湖北省,武汉市,东西湖区
武汉自贸城20栋,购物消费,百货商场,114.051149,30.627634,湖北省,武汉市,东西湖区
兴新街便民广场,购物消费,百货商场,114.317084,30.346542,湖北省,武汉市,江夏区
华兴商城,购物消费,百货商场,114.318927,30.346949,湖北省,武汉市,江夏区
江夏商场,购物消费,百货商场,114.329616,30.351256,湖北省,武汉市,江夏区
江夏楚神国际商贸城,购物消费,百货商场,114.32923,30.351792,湖北省,武汉市,江夏区
中央大街,购物消费,百货商场,114.329078,30.353996,湖北省,武汉市,江夏区
佳兴广场,购物消费,百货商场,114.309722,30.348306,湖北省,武汉市,江夏区
季佳·里纸坊,购物消费,百货商场,114.309421,30.348491,湖北省,武汉市,江夏区
江夏中心百货,购物消费,百货商场,114.31291,30.34829,湖北省,武汉市,江夏区
铜锣湾休闲佰惠广场,购物消费,百货商场,114.315735,30.347912,湖北省,武汉市,江夏区
江夏休闲百惠购物中心,购物消费,百货商场,114.313922,30.348116,湖北省,武汉市,江夏区
新金新世界,购物消费,百货商场,114.314588,30.348111000000003,湖北省,武汉市,江夏区
江夏文化商城,购物消费,百货商场,114.315657,30.347589000000003,湖北省,武汉市,江夏区
齐乐城,购物消费,百货商场,114.33153,30.359081,湖北省,武汉市,江夏区
万汇MALL,购物消费,百货商场,114.320432,30.37333,湖北省,武汉市,江夏区
联投广场万汇MALL,购物消费,百货商场,114.321371,30.372734,湖北省,武汉市,江夏区
欢乐广场,购物消费,百货商场,114.430586,30.420106,湖北省,武汉市,江夏区
ZHONGBAI WAREHOUSE,购物消费,百货商场,114.422904,30.436563,湖北省,武汉市,江夏区
青年汇广场,购物消费,百货商场,114.423983,30.441612,湖北省,武汉市,江夏区
关山漾,购物消费,百货商场,114.411463,30.480836,湖北省,武汉市,洪山区
缤纷世界儿童游乐园,购物消费,百货商场,114.385867,30.477313,湖北省,武汉市,江夏区
光谷时尚城若曼莎,购物消费,百货商场,114.38685,30.477348,湖北省,武汉市,江夏区
曙光商贸城,购物消费,百货商场,114.396298,30.482454,湖北省,武汉市,洪山区
华罗利广场,购物消费,百货商场,114.395909,30.483315,湖北省,武汉市,洪山区
曙光商贸城,购物消费,百货商场,114.396144,30.482124,湖北省,武汉市,洪山区
同兴生活广场,购物消费,百货商场,114.452205,30.431481,湖北省,武汉市,江夏区
AEON MALL,购物消费,百货商场,114.20479,30.502241,湖北省,武汉市,汉阳区
永旺梦乐城,购物消费,百货商场,114.204821,30.502008,湖北省,武汉市,汉阳区
老通城,购物消费,百货商场,114.315854,30.500911,湖北省,武汉市,洪山区
季佳·荟烽火,购物消费,百货商场,114.295386,30.504009,湖北省,武汉市,洪山区
泛悦坊,购物消费,百货商场,114.315168,30.509475,湖北省,武汉市,武昌区
万峰菩提荟,购物消费,百货商场,114.316167,30.508944000000003,湖北省,武汉市,武昌区
万隆广场,购物消费,百货商场,114.302856,30.518897,湖北省,武汉市,武昌区
精品商业广场,购物消费,百货商场,114.309718,30.535907,湖北省,武汉市,武昌区
泛悦汇,购物消费,百货商场,114.304298,30.535576,湖北省,武汉市,武昌区
司隆广场,购物消费,百货商场,114.297534,30.537693,湖北省,武汉市,武昌区
汉飞·逛逛街,购物消费,百货商场,114.296373,30.540439,湖北省,武汉市,武昌区
鹤来商业广场,购物消费,百货商场,114.299932,30.543129,湖北省,武汉市,武昌区
界立方3,购物消费,百货商场,114.298709,30.541649,湖北省,武汉市,武昌区
晟世·芳草地,购物消费,百货商场,114.297982,30.542142,湖北省,武汉市,武昌区
蓝江商城,购物消费,百货商场,114.299158,30.544896,湖北省,武汉市,武昌区
天亿广场,购物消费,百货商场,114.303615,30.537637,湖北省,武汉市,武昌区
海森康体运动,购物消费,百货商场,114.315583,30.552275,湖北省,武汉市,武昌区
假日乐园购物中心,购物消费,百货商场,114.299559,30.54744,湖北省,武汉市,武昌区
楠山有约自力坊,购物消费,百货商场,114.268109,30.539468,湖北省,武汉市,汉阳区
汉商银座购物广场E座,购物消费,百货商场,114.268601,30.549626,湖北省,武汉市,汉阳区
21世纪购物广场,购物消费,百货商场,114.26673,30.549961,湖北省,武汉市,汉阳区
汉商银座知音站台,购物消费,百货商场,114.26528,30.549378,湖北省,武汉市,汉阳区
闽东商务商业大厦,购物消费,百货商场,114.265052,30.550006,湖北省,武汉市,汉阳区
万福国际广场,购物消费,百货商场,114.254145,30.521805,湖北省,武汉市,汉阳区
人信汇,购物消费,百货商场,114.200457,30.552688,湖北省,武汉市,汉阳区
维佳体验城,购物消费,百货商场,114.325873,30.501467,湖北省,武汉市,洪山区
华中师范大学东区购物中心,购物消费,百货商场,114.364794,30.512838,湖北省,武汉市,洪山区
清和广场,购物消费,百货商场,114.374312,30.51846,湖北省,武汉市,洪山区
泛悦·悦享馆,购物消费,百货商场,114.350684,30.512357,湖北省,武汉市,洪山区
泛悦悦购馆,购物消费,百货商场,114.350308,30.51302,湖北省,武汉市,洪山区
泛悦·城市OUTLETS,购物消费,百货商场,114.351565,30.513413,湖北省,武汉市,洪山区
龙岭·818广场,购物消费,百货商场,114.342788,30.520362,湖北省,武汉市,洪山区
利东街商业广场,购物消费,百货商场,114.402359,30.48807,湖北省,武汉市,洪山区
地下商业广场,购物消费,百货商场,114.392562,30.49739,湖北省,武汉市,洪山区
O-17广场,购物消费,百货商场,114.39658,30.495605,湖北省,武汉市,洪山区
港汇城,购物消费,百货商场,114.399545,30.500506,湖北省,武汉市,洪山区
哈乐城,购物消费,百货商场,114.410629,30.492573,湖北省,武汉市,洪山区
世达中心,购物消费,百货商场,114.412797,30.494664,湖北省,武汉市,洪山区
流行视窗,购物消费,百货商场,114.383591,30.505747,湖北省,武汉市,洪山区
流行视窗购物中心,购物消费,百货商场,114.384263,30.505541,湖北省,武汉市,洪山区
世界城广场,购物消费,百货商场,114.404281,30.506296,湖北省,武汉市,洪山区
联峰时代广场,购物消费,百货商场,114.400195,30.510302,湖北省,武汉市,洪山区
LAKES DEUPTOWN,购物消费,百货商场,114.321213,30.523761,湖北省,武汉市,武昌区
朗汇商业联合展厅,购物消费,百货商场,114.332826,30.532846,湖北省,武汉市,武昌区
新禧莲中商美食购物中心,购物消费,百货商场,114.317935,30.530877,湖北省,武汉市,武昌区
地下商场,购物消费,百货商场,114.362217,30.524361,湖北省,武汉市,洪山区
赛博珞珈胡同,购物消费,百货商场,114.358779,30.525362,湖北省,武汉市,洪山区
中南天紫广场-B馆,购物消费,百货商场,114.332218,30.53758,湖北省,武汉市,武昌区
MO+Living Theater,购物消费,百货商场,114.326179,30.543521,湖北省,武汉市,武昌区
小东门宜家广场6号楼,购物消费,百货商场,114.317799,30.545348,湖北省,武汉市,武昌区
中南天紫广场a馆,购物消费,百货商场,114.332683,30.538291,湖北省,武汉市,武昌区
银泰百货-总服务台,购物消费,百货商场,114.33371,30.53739,湖北省,武汉市,武昌区
江南创意市集,购物消费,百货商场,114.336475,30.545162,湖北省,武汉市,武昌区
星汇城,购物消费,百货商场,114.336891,30.546131000000003,湖北省,武汉市,武昌区
家盛时代城市生活广场,购物消费,百货商场,114.350448,30.562976,湖北省,武汉市,武昌区
金禾中心,购物消费,百货商场,114.363655,30.577615,湖北省,武汉市,洪山区
PETAL百彤生活美学综合体,购物消费,百货商场,114.326246,30.581244,湖北省,武汉市,武昌区
金地广场,购物消费,百货商场,114.384566,30.603552,湖北省,武汉市,洪山区
中商徐东平价广场,购物消费,百货商场,114.344513,30.590273,湖北省,武汉市,洪山区
万利生活广场,购物消费,百货商场,114.346387,30.59204,湖北省,武汉市,洪山区
万利广场,购物消费,百货商场,114.346174,30.592409,湖北省,武汉市,洪山区
南大天地,购物消费,百货商场,114.252445,30.573087,湖北省,武汉市,硚口区
泛悦,购物消费,百货商场,114.222569,30.583678,湖北省,武汉市,硚口区
南国·西汇-扶梯,购物消费,百货商场,114.223301,30.585096,湖北省,武汉市,硚口区
潮玩黑市,购物消费,百货商场,114.223086,30.585127,湖北省,武汉市,硚口区
利商新源日用品市场,购物消费,百货商场,114.269718,30.564395,湖北省,武汉市,硚口区
元亨·朴方,购物消费,百货商场,114.309275,30.564699,湖北省,武汉市,武昌区
沿江一号Mall,购物消费,百货商场,114.289989,30.56781,湖北省,武汉市,江汉区
批发城,购物消费,百货商场,114.290667,30.567869,湖北省,武汉市,江汉区
外滩1号,购物消费,百货商场,114.296505,30.575985000000003,湖北省,武汉市,江汉区
多牛世界三层g栋号,购物消费,百货商场,114.297211,30.581962,湖北省,武汉市,江岸区
Ogonblick北欧时刻武汉K11店,购物消费,百货商场,114.264167,30.578416,湖北省,武汉市,硚口区
云尚国际时尚中心,购物消费,百货商场,114.278055,30.571344,湖北省,武汉市,硚口区
TBA,购物消费,百货商场,114.276685,30.571528,湖北省,武汉市,硚口区
泰发商城,购物消费,百货商场,114.278956,30.57447,湖北省,武汉市,硚口区
云尚美食汇,购物消费,百货商场,114.279408,30.572523,湖北省,武汉市,硚口区
云尚·武汉国际时尚中心-A馆,购物消费,百货商场,114.278763,30.572287,湖北省,武汉市,硚口区
双隆商贸城,购物消费,百货商场,114.282281,30.571833,湖北省,武汉市,江汉区
云尚国际,购物消费,百货商场,114.279586,30.572000000000003,湖北省,武汉市,硚口区
库玛商业广场,购物消费,百货商场,114.283435,30.573898,湖北省,武汉市,江汉区
时代美博城,购物消费,百货商场,114.283653,30.576608,湖北省,武汉市,江汉区
玛桥西商厦,购物消费,百货商场,114.284756,30.574273,湖北省,武汉市,江汉区
御美广场,购物消费,百货商场,114.283513,30.577225,湖北省,武汉市,江汉区
奥地利广场,购物消费,百货商场,114.274379,30.575789,湖北省,武汉市,硚口区
顶好风口,购物消费,百货商场,114.273548,30.575947,湖北省,武汉市,硚口区
新崇光时尚广场B座,购物消费,百货商场,114.274352,30.581017,湖北省,武汉市,江汉区
新武展购物中心,购物消费,百货商场,114.273425,30.58205,湖北省,武汉市,江汉区
新崇光时尚广场A座,购物消费,百货商场,114.274622,30.581936,湖北省,武汉市,江汉区
汉口新界B栋,购物消费,百货商场,114.260996,30.585488,湖北省,武汉市,江汉区
越秀,购物消费,百货商场,114.275501,30.587431,湖北省,武汉市,江汉区
省外贸商业广场,购物消费,百货商场,114.28188,30.587519,湖北省,武汉市,江岸区
武汉华润万象城,购物消费,百货商场,114.280023,30.598709,湖北省,武汉市,江岸区
today今天,购物消费,百货商场,114.298133,30.596532,湖北省,武汉市,江岸区
禾园儿童商场,购物消费,百货商场,114.287351,30.602188,湖北省,武汉市,江岸区
武汉天地壹方南馆,购物消费,百货商场,114.310021,30.608598,湖北省,武汉市,江岸区
HORIZON壹方,购物消费,百货商场,114.310829,30.609346,湖北省,武汉市,江岸区
武汉江宸天街,购物消费,百货商场,114.26136,30.606351,湖北省,武汉市,江汉区
万达广场,购物消费,百货商场,114.266686,30.60984,湖北省,武汉市,江汉区
红桥文化艺术广场,购物消费,百货商场,114.284996,30.613631,湖北省,武汉市,江岸区
花桥商品城,购物消费,百货商场,114.284271,30.61842,湖北省,武汉市,江岸区
唐蔡路台北商场楼,购物消费,百货商场,114.275454,30.618426,湖北省,武汉市,江汉区
厦华新汇广场,购物消费,百货商场,114.223351,30.587379,湖北省,武汉市,硚口区
长嘉百货批发城,购物消费,百货商场,114.211763,30.59501,湖北省,武汉市,硚口区
松时代,购物消费,百货商场,114.222434,30.599006,湖北省,武汉市,硚口区
FAMILY52,购物消费,百货商场,114.220139,30.600043,湖北省,武汉市,硚口区
中央商务区,购物消费,百货商场,114.248363,30.599397,湖北省,武汉市,江汉区
万达广场,购物消费,百货商场,114.254807,30.602442,湖北省,武汉市,江汉区
泛海城市广场,购物消费,百货商场,114.255882,30.603178,湖北省,武汉市,江汉区
红T时尚楼,购物消费,百货商场,114.235486,30.621921,湖北省,武汉市,江汉区
武商超市,购物消费,百货商场,114.238801,30.639024,湖北省,武汉市,东西湖区
泛悦Mall,购物消费,百货商场,114.266738,30.627224,湖北省,武汉市,江汉区
季佳·荟,购物消费,百货商场,114.264335,30.626727,湖北省,武汉市,江汉区
季佳荟·新华花园,购物消费,百货商场,114.265385,30.626031,湖北省,武汉市,江汉区
泛悦,购物消费,百货商场,114.26641,30.628211,湖北省,武汉市,江汉区
妙邻广场,购物消费,百货商场,114.258173,30.629679,湖北省,武汉市,江汉区
远洋心里PARK,购物消费,百货商场,114.259136,30.630552,湖北省,武汉市,江汉区
C2时尚广场,购物消费,百货商场,114.316912,30.623305,湖北省,武汉市,江岸区
C2时尚广场C6号楼,购物消费,百货商场,114.316642,30.622882,湖北省,武汉市,江岸区
兴怡生活广场,购物消费,百货商场,114.310043,30.645207000000003,湖北省,武汉市,江岸区
季佳·荟百步亭,购物消费,百货商场,114.314928,30.653374,湖北省,武汉市,江岸区
汉口城市广场E区,购物消费,百货商场,114.31102,30.653325,湖北省,武汉市,江岸区
红坊里店,购物消费,百货商场,114.384755,30.627671,湖北省,武汉市,青山区
红坊里·众诚汇,购物消费,百货商场,114.384944,30.628089000000003,湖北省,武汉市,青山区
健吾假日广场,购物消费,百货商场,114.391546,30.63218,湖北省,武汉市,青山区
大洲商城,购物消费,百货商场,114.387379,30.630705,湖北省,武汉市,青山区
中百仓储,购物消费,百货商场,114.403953,30.637404,湖北省,武汉市,青山区
青山商业广场,购物消费,百货商场,114.40274,30.63956,湖北省,武汉市,青山区
木林森青山百货商场,购物消费,百货商场,114.403389,30.639824,湖北省,武汉市,青山区
汉口北,购物消费,百货商场,114.324199,30.700699,湖北省,武汉市,黄陂区
汉口北国际商品交易中心二号仓储中心六区,购物消费,百货商场,114.324225,30.701164,湖北省,武汉市,黄陂区
汉口北国际商品交易中心豪华酒店用品城,购物消费,百货商场,114.317657,30.70223,湖北省,武汉市,黄陂区
铜锣湾,购物消费,百货商场,114.35262,30.713526,湖北省,武汉市,黄陂区
鑫瑶厨具设备,购物消费,百货商场,114.317209,30.703419,湖北省,武汉市,黄陂区
百联OUTLETS广场A区17号,购物消费,百货商场,114.256872,30.731011,湖北省,武汉市,黄陂区
武汉百联OUTLETSc区,购物消费,百货商场,114.258519,30.731153,湖北省,武汉市,黄陂区
百联OUTLETS广场-C区13号,购物消费,百货商场,114.257659,30.731057,湖北省,武汉市,黄陂区
百联OUTLETS广场-C区1号,购物消费,百货商场,114.25919,30.730444,湖北省,武汉市,黄陂区
世纪广场,购物消费,百货商场,114.569611,30.663692,湖北省,武汉市,新洲区
本本乐精品商城,购物消费,百货商场,114.574258,30.669408,湖北省,武汉市,新洲区
黄陂商业广场,购物消费,百货商场,114.376544,30.868365,湖北省,武汉市,黄陂区
盛世商城,购物消费,百货商场,114.375838,30.874840000000003,湖北省,武汉市,黄陂区
OUTLETS,购物消费,百货商场,114.364909,30.873962,湖北省,武汉市,黄陂区
中百百货,购物消费,百货商场,114.377219,30.879766,湖北省,武汉市,黄陂区
时尚广场,购物消费,百货商场,114.803153,30.834786,湖北省,武汉市,新洲区
楚天商业城,购物消费,百货商场,114.80416,30.844044,湖北省,武汉市,新洲区
Funyong纷悦集美空间,购物消费,百货商场,114.800065,30.840875,湖北省,武汉市,新洲区
佳兴购物中心,购物消费,百货商场,114.798129,30.843067,湖北省,武汉市,新洲区
白马购物广场,购物消费,百货商场,114.083892,30.310529,湖北省,武汉市,汉南区
新兰商业广场,购物消费,百货商场,114.056016,30.503556000000003,湖北省,武汉市,蔡甸区
泊龙湾商场,购物消费,百货商场,114.055281,30.504127,湖北省,武汉市,蔡甸区
新兰广场,购物消费,百货商场,114.053115,30.503632,湖北省,武汉市,蔡甸区
兴达商业广场,购物消费,百货商场,114.15338,30.488402,湖北省,武汉市,蔡甸区
东风·新城商场,购物消费,百货商场,114.156977,30.492555000000003,湖北省,武汉市,蔡甸区
湘隆时代商业广场E区,购物消费,百货商场,114.16657,30.497551,湖北省,武汉市,蔡甸区
悦活里.PARK,购物消费,百货商场,114.169877,30.617239,湖北省,武汉市,硚口区
中百百货,购物消费,百货商场,114.13397,30.620289000000003,湖北省,武汉市,东西湖区
建新商贸城,购物消费,百货商场,114.031969,30.578268,湖北省,武汉市,蔡甸区
新福茂·中央广场,购物消费,百货商场,114.032835,30.580833,湖北省,武汉市,蔡甸区
蔡甸购物中心,购物消费,百货商场,114.028051,30.582152,湖北省,武汉市,蔡甸区
中百仓储,购物消费,百货商场,114.027081,30.582019,湖北省,武汉市,蔡甸区
中心百货,购物消费,百货商场,114.134417,30.620146,湖北省,武汉市,东西湖区
永旺梦乐城,购物消费,百货商场,114.206458,30.506076,湖北省,武汉市,汉阳区
时代广场,购物消费,百货商场,114.206538,30.551269,湖北省,武汉市,汉阳区
泛悦Mall,购物消费,百货商场,114.324586,30.50582,湖北省,武汉市,武昌区
云尚城市奥莱,购物消费,百货商场,114.405096,30.503289,湖北省,武汉市,洪山区
季佳·荟雄楚,购物消费,百货商场,114.390028,30.498285,湖北省,武汉市,洪山区
帝斯曼国际中心,购物消费,百货商场,114.32933,30.535864,湖北省,武汉市,武昌区
中商广场,购物消费,百货商场,114.331375,30.536886000000003,湖北省,武汉市,武昌区
未来城美食购物生态公园,购物消费,百货商场,114.35348,30.524422,湖北省,武汉市,洪山区
乐天城购物中心,购物消费,百货商场,114.354413,30.525435,湖北省,武汉市,洪山区
流行视窗购物中心,购物消费,百货商场,114.353449,30.525474,湖北省,武汉市,洪山区
新世界百货-消费扶贫专柜,购物消费,百货商场,114.35356,30.526809,湖北省,武汉市,洪山区
RELX专卖店,购物消费,百货商场,114.354567,30.527418,湖北省,武汉市,洪山区
米国,购物消费,百货商场,114.339522,30.552114,湖北省,武汉市,武昌区
愿景广场,购物消费,百货商场,114.341718,30.555499,湖北省,武汉市,武昌区
漫时区,购物消费,百货商场,114.323984,30.574394,湖北省,武汉市,武昌区
销品茂中商百货,购物消费,百货商场,114.342207,30.587416,湖北省,武汉市,武昌区
中商百货,购物消费,百货商场,114.342097,30.587443,湖北省,武汉市,武昌区
塞飞洛,购物消费,百货商场,114.343043,30.587865,湖北省,武汉市,武昌区
销品茂,购物消费,百货商场,114.343523,30.587891000000003,湖北省,武汉市,武昌区
销品茂-大方,购物消费,百货商场,114.343799,30.589146,湖北省,武汉市,武昌区
CPARK,购物消费,百货商场,114.206252,30.553706,湖北省,武汉市,汉阳区
人信汇购物广场,购物消费,百货商场,114.206114,30.553841,湖北省,武汉市,汉阳区
人信汇C座,购物消费,百货商场,114.205684,30.553901,湖北省,武汉市,汉阳区
万隆城市广场,购物消费,百货商场,114.2071,30.555675,湖北省,武汉市,汉阳区
江诗尼亚龙阳大洋百货专营店,购物消费,百货商场,114.209381,30.560825,湖北省,武汉市,汉阳区
大洋龙阳百货专营店,购物消费,百货商场,114.208288,30.561394,湖北省,武汉市,汉阳区
悦刻,购物消费,百货商场,114.208996,30.561373,湖北省,武汉市,汉阳区
汉商21世纪购物广场,购物消费,百货商场,114.210469,30.560766,湖北省,武汉市,汉阳区
暨济商城,购物消费,百货商场,114.275308,30.563493,湖北省,武汉市,硚口区
龙腾第一大道蓝宝石座,购物消费,百货商场,114.277308,30.564486,湖北省,武汉市,硚口区
街舞城,购物消费,百货商场,114.277357,30.564793,湖北省,武汉市,硚口区
汉正街第一大道银座,购物消费,百货商场,114.276838,30.565836,湖北省,武汉市,硚口区
地一大道新天地,购物消费,百货商场,114.27701,30.565797000000003,湖北省,武汉市,硚口区
金正茂B区,购物消费,百货商场,114.28131,30.568042,湖北省,武汉市,硚口区
金正茂中国服装商贸城B区,购物消费,百货商场,114.280043,30.568025,湖北省,武汉市,硚口区
万商白马服装交易中心市场,购物消费,百货商场,114.285051,30.567169,湖北省,武汉市,江汉区
汉正街中心商城,购物消费,百货商场,114.277732,30.567625,湖北省,武汉市,硚口区
武汉多福路商城,购物消费,百货商场,114.276621,30.569314,湖北省,武汉市,硚口区
武汉多福路商城,购物消费,百货商场,114.275658,30.569803,湖北省,武汉市,硚口区
新首信时尚广场,购物消费,百货商场,114.288817,30.577176,湖北省,武汉市,江汉区
atm潮流百货,购物消费,百货商场,114.290363,30.581905000000003,湖北省,武汉市,江岸区
中心百货,购物消费,百货商场,114.289429,30.581613,湖北省,武汉市,江汉区
中百商厦,购物消费,百货商场,114.289317,30.582099,湖北省,武汉市,江汉区
新时盛商场,购物消费,百货商场,114.289062,30.582935,湖北省,武汉市,江汉区
新长盛广场,购物消费,百货商场,114.288935,30.583343000000003,湖北省,武汉市,江岸区
武商MALL,购物消费,百货商场,114.271784,30.578664,湖北省,武汉市,江汉区
汉商武展购物广场,购物消费,百货商场,114.273235,30.580453,湖北省,武汉市,江汉区
科技王大厦科技王商业广场,购物消费,百货商场,114.285708,30.582416,湖北省,武汉市,江汉区
M+购物广场,购物消费,百货商场,114.286767,30.58372,湖北省,武汉市,江汉区
循礼门m商业广场,购物消费,百货商场,114.285701,30.583933,湖北省,武汉市,江汉区
M%,购物消费,百货商场,114.284685,30.583101,湖北省,武汉市,江汉区
武商MALL•世贸,购物消费,百货商场,114.268749,30.580347000000003,湖北省,武汉市,江汉区
武商世贸广场,购物消费,百货商场,114.268793,30.580967,湖北省,武汉市,江汉区
武商MALL,购物消费,百货商场,114.268537,30.579915,湖北省,武汉市,江汉区
袯荟,购物消费,百货商场,114.268665,30.580566,湖北省,武汉市,江汉区
创世纪广场B区,购物消费,百货商场,114.26806,30.581482,湖北省,武汉市,江汉区
武汉国际广场购物广场,购物消费,百货商场,114.27024,30.581213,湖北省,武汉市,江汉区
WEDGWOOD,购物消费,百货商场,114.271046,30.581063,湖北省,武汉市,江汉区
武商,购物消费,百货商场,114.270467,30.581407,湖北省,武汉市,江汉区
大智商城,购物消费,百货商场,114.294283,30.587955,湖北省,武汉市,江岸区
欧亚达国际广场,购物消费,百货商场,114.254381,30.614891,湖北省,武汉市,江汉区
星聚汇,购物消费,百货商场,114.237856,30.648945,湖北省,武汉市,东西湖区
新塘广场,购物消费,百货商场,114.262309,30.624089,湖北省,武汉市,江汉区
汉口城市广场A区,购物消费,百货商场,114.305593,30.651637,湖北省,武汉市,江岸区
C潮品馆,购物消费,百货商场,114.37711,30.627956,湖北省,武汉市,青山区
IP Station,购物消费,百货商场,114.377109,30.62724,湖北省,武汉市,青山区
武商城市奥莱C潮品馆,购物消费,百货商场,114.377584,30.627788,湖北省,武汉市,青山区
洛克小镇,购物消费,百货商场,114.175025,30.506948,湖北省,武汉市,蔡甸区
vanke,购物消费,百货商场,114.192474,30.599173,湖北省,武汉市,硚口区
武汉荟聚中心-H282,购物消费,百货商场,114.167068,30.616377,湖北省,武汉市,硚口区
东星商城,购物消费,百货商场,114.139753,30.622341,湖北省,武汉市,东西湖区
美好市集,购物消费,百货商场,114.142033,30.622257,湖北省,武汉市,东西湖区
北冰洋城市广场,购物消费,百货商场,114.141666,30.622277,湖北省,武汉市,东西湖区
地下商业广场,购物消费,百货商场,114.204943,30.551962,湖北省,武汉市,汉阳区
维佳·佰港城,购物消费,百货商场,114.32656,30.503661,湖北省,武汉市,洪山区
洛克小镇,购物消费,百货商场,114.402653,30.505734,湖北省,武汉市,洪山区
C·时尚广场,购物消费,百货商场,114.403047,30.5053,湖北省,武汉市,洪山区
法国风情街,购物消费,百货商场,114.403375,30.506084,湖北省,武汉市,洪山区
悦心汇,购物消费,百货商场,114.403991,30.505633,湖北省,武汉市,洪山区
群光广场二馆,购物消费,百货商场,114.356736,30.524691,湖北省,武汉市,洪山区
群光百货,购物消费,百货商场,114.355958,30.525302,湖北省,武汉市,洪山区
银泰创意城,购物消费,百货商场,114.356528,30.526536,湖北省,武汉市,洪山区
NIVADA,购物消费,百货商场,114.356192,30.526463,湖北省,武汉市,洪山区
凯德1818,购物消费,百货商场,114.340057,30.552727,湖北省,武汉市,武昌区
凯德1818-POP MART,购物消费,百货商场,114.340592,30.553133,湖北省,武汉市,武昌区
群星城K3-1,购物消费,百货商场,114.348486,30.583919,湖北省,武汉市,武昌区
武汉摩尔城B馆,购物消费,百货商场,114.208407,30.559397,湖北省,武汉市,汉阳区
海天广场B座,购物消费,百货商场,114.211293,30.561902,湖北省,武汉市,汉阳区
海天欢乐购服务台,购物消费,百货商场,114.211804,30.561943,湖北省,武汉市,汉阳区
源强工艺玩具地下商城,购物消费,百货商场,114.27502,30.56528,湖北省,武汉市,硚口区
汉正品牌大楼,购物消费,百货商场,114.277033,30.569035,湖北省,武汉市,硚口区
SOMERSET,购物消费,百货商场,114.266481,30.56928,湖北省,武汉市,硚口区
江汉路万达商场,购物消费,百货商场,114.291471,30.578101,湖北省,武汉市,江汉区
F座,购物消费,百货商场,114.291515,30.578538,湖北省,武汉市,江汉区
美食购物中心,购物消费,百货商场,114.291743,30.579582,湖北省,武汉市,江汉区
大汉口城,购物消费,百货商场,114.290008,30.579761,湖北省,武汉市,江汉区
武商集团,购物消费,百货商场,114.270828,30.579816,湖北省,武汉市,江汉区
武汉国际广场B,购物消费,百货商场,114.269994,30.580561,湖北省,武汉市,江汉区
万达百货,购物消费,百货商场,114.173822,30.506513,湖北省,武汉市,蔡甸区
万达广场,购物消费,百货商场,114.175547,30.506593,湖北省,武汉市,蔡甸区
秦榆食品展示厅,购物消费,百货商场,114.192941,30.596838,湖北省,武汉市,硚口区
凯德西城,购物消费,百货商场,114.193405,30.597182,湖北省,武汉市,硚口区
ip station,购物消费,百货商场,114.168917,30.61793,湖北省,武汉市,硚口区
Suning易购悦刻专卖,购物消费,百货商场,114.168462,30.617693,湖北省,武汉市,硚口区
恒大城市广场,购物消费,百货商场,114.172283,30.661474,湖北省,武汉市,东西湖区
群光广场,购物消费,百货商场,114.355302,30.524851,湖北省,武汉市,洪山区
星汇维港购物广场,购物消费,百货商场,114.250227,30.569651,湖北省,武汉市,硚口区
1828武汉新天地,购物消费,百货商场,114.280084,30.573651,湖北省,武汉市,江汉区
Oval Space 一奥荟·武汉启城购物公园,购物消费,百货商场,114.292047,30.469579,湖北省,武汉市,洪山区
龙湖武汉白沙天街B馆,购物消费,百货商场,114.287357,30.47838,湖北省,武汉市,洪山区
豪华酒店用品城2期,购物消费,百货商场,114.317113,30.702296,湖北省,武汉市,黄陂区
万象城,购物消费,百货商场,114.374412,30.880105,湖北省,武汉市,黄陂区
黄陂广场E区,购物消费,百货商场,114.374236,30.880264,湖北省,武汉市,黄陂区
